actor_id,movie_id,name,is_main_character,created_at
nm0000006,tt0034583,Ingrid Bergman,true,2025-07-27 05:44:27.453883
nm0000007,tt0034583,Humphrey Bogart,true,2025-07-27 05:44:12.793594
nm0000008,tt0068646,Marlon Brando,true,2025-07-27 05:47:12.823337
nm0000020,tt0050083,Henry Fonda,false,2025-07-27 05:47:25.984329
nm0000027,tt0076759,Alec Guinness,false,2025-07-27 05:46:13.413783
nm0000027,tt0080684,Alec Guinness,false,2025-07-27 05:42:39.605028
nm0000048,tt0034583,Peter Lorre,false,2025-07-27 05:44:29.284632
nm0000071,tt0038650,James Stewart,true,2025-07-27 05:43:22.963629
nm0000093,tt0114369,Brad Pitt,true,2025-07-27 05:43:24.814418
nm0000093,tt0137523,Brad Pitt,true,2025-07-27 05:42:16.944146
nm0000100,tt0110357,Rowan Atkinson,true,2025-07-27 05:45:28.343653
nm0000103,tt0120586,Fairuza Balk,false,2025-07-27 05:44:47.47355
nm0000111,tt0110357,Matthew Broderick,true,2025-07-27 05:45:26.083451
nm0000122,tt0027977,Charles Chaplin,true,2025-07-27 05:42:17.674996
nm0000128,tt0172495,Russell Crowe,true,2025-07-27 05:45:19.425967
nm0000134,tt0071562,Robert De Niro,true,2025-07-27 05:47:19.763401
nm0000134,tt0099685,Robert De Niro,true,2025-07-27 05:43:22.244305
nm0000138,tt0407887,Leonardo DiCaprio,true,2025-07-27 05:45:12.814582
nm0000138,tt1375666,Leonardo DiCaprio,true,2025-07-27 05:42:08.569802
nm0000142,tt0060196,Clint Eastwood,true,2025-07-27 05:46:38.723706
nm0000146,tt0108052,Ralph Fiennes,true,2025-07-27 05:46:59.123978
nm0000148,tt0076759,Harrison Ford,true,2025-07-27 05:46:12.684162
nm0000148,tt0080684,Harrison Ford,true,2025-07-27 05:42:36.654072
nm0000149,tt0102926,Jodie Foster,true,2025-07-27 05:43:23.324324
nm0000150,tt0088763,Michael J. Fox,true,2025-07-27 05:45:47.064958
nm0000151,tt0111161,Morgan Freeman,true,2025-07-27 05:43:09.054121
nm0000151,tt0114369,Morgan Freeman,true,2025-07-27 05:43:21.88455
nm0000151,tt0468569,Morgan Freeman,false,2025-07-27 05:47:34.723644
nm0000155,tt0110357,Whoopi Goldberg,false,2025-07-27 05:45:27.973518
nm0000157,tt0103064,Linda Hamilton,true,2025-07-27 05:46:20.094252
nm0000158,tt0109830,Tom Hanks,true,2025-07-27 05:43:22.604877
nm0000158,tt0120689,Tom Hanks,true,2025-07-27 05:43:01.745175
nm0000158,tt0120815,Tom Hanks,true,2025-07-27 05:42:15.464445
nm0000164,tt0102926,Anthony Hopkins,true,2025-07-27 05:43:49.634216
nm0000168,tt0110912,Samuel L. Jackson,false,2025-07-27 05:46:53.283799
nm0000190,tt0816692,Matthew McConaughey,true,2025-07-27 05:42:16.194929
nm0000197,tt0073486,Jack Nicholson,false,2025-07-27 05:42:15.83359
nm0000197,tt0407887,Jack Nicholson,true,2025-07-27 05:45:13.584607
nm0000198,tt0110413,Gary Oldman,true,2025-07-27 05:44:39.784701
nm0000198,tt0468569,Gary Oldman,false,2025-07-27 05:47:34.363548
nm0000199,tt0068646,Al Pacino,true,2025-07-27 05:47:13.193127
nm0000199,tt0071562,Al Pacino,true,2025-07-27 05:47:19.403524
nm0000204,tt0110413,Natalie Portman,true,2025-07-27 05:44:40.153486
nm0000206,tt0133093,Keanu Reeves,true,2025-07-27 05:42:17.303684
nm0000209,tt0111161,Tim Robbins,true,2025-07-27 05:43:02.10474
nm0000216,tt0103064,Arnold Schwarzenegger,true,2025-07-27 05:46:18.974035
nm0000228,tt0114369,Kevin Spacey,false,2025-07-27 05:43:25.174585
nm0000228,tt0114814,Kevin Spacey,false,2025-07-27 05:44:12.02369
nm0000235,tt0110912,Uma Thurman,false,2025-07-27 05:46:52.923714
nm0000237,tt0110912,John Travolta,true,2025-07-27 05:46:39.454677
nm0000242,tt0407887,Mark Wahlberg,true,2025-07-27 05:45:13.954202
nm0000244,tt0078748,Sigourney Weaver,true,2025-07-27 05:43:24.049719
nm0000246,tt0110912,Bruce Willis,false,2025-07-27 05:46:53.653871
nm0000275,tt0110912,Rosanna Arquette,false,2025-07-27 05:46:57.27496
nm0000276,tt0120737,Sean Astin,true,2025-07-27 05:46:48.563682
nm0000276,tt0167260,Sean Astin,true,2025-07-27 05:47:07.103936
nm0000276,tt0167261,Sean Astin,true,2025-07-27 05:43:16.774296
nm0000285,tt0407887,Alec Baldwin,false,2025-07-27 05:45:15.764176
nm0000286,tt0114814,Stephen Baldwin,true,2025-07-27 05:44:15.753915
nm0000288,tt0468569,Christian Bale,true,2025-07-27 05:47:26.353367
nm0000288,tt0482571,Christian Bale,true,2025-07-27 05:44:14.273737
nm0000293,tt0120737,Sean Bean,false,2025-07-27 05:46:47.484895
nm0000293,tt0167260,Sean Bean,false,2025-07-27 05:47:08.214424
nm0000297,tt1375666,Tom Berenger,false,2025-07-27 05:42:11.112888
nm0000307,tt0137523,Helena Bonham Carter,false,2025-07-27 05:42:45.814888
nm0000309,tt0482571,David Bowie,false,2025-07-27 05:44:54.38393
nm0000317,tt0111161,Clancy Brown,false,2025-07-27 05:43:10.194697
nm0000321,tt0114814,Gabriel Byrne,true,2025-07-27 05:44:15.024135
nm0000323,tt0468569,Michael Caine,true,2025-07-27 05:47:33.634011
nm0000323,tt0482571,Michael Caine,true,2025-07-27 05:44:52.92367
nm0000323,tt0816692,Michael Caine,false,2025-07-27 05:42:35.204433
nm0000323,tt1375666,Michael Caine,false,2025-07-27 05:42:12.193738
nm0000339,tt0102926,Roger Corman,false,2025-07-27 05:43:52.914359
nm0000342,tt0120689,James Cromwell,false,2025-07-27 05:43:03.924124
nm0000350,tt0120586,Beverly D'Angelo,true,2025-07-27 05:44:46.375349
nm0000354,tt0120815,Matt Damon,false,2025-07-27 05:42:18.043584
nm0000354,tt0407887,Matt Damon,true,2025-07-27 05:45:13.22426
nm0000355,tt0076759,Anthony Daniels,false,2025-07-27 05:46:14.143955
nm0000355,tt0080684,Anthony Daniels,false,2025-07-27 05:42:37.744565
nm0000362,tt0073486,Danny DeVito,false,2025-07-27 05:42:26.84382
nm0000374,tt0167261,Brad Dourif,false,2025-07-27 05:43:19.344505
nm0000380,tt0068646,Robert Duvall,false,2025-07-27 05:47:14.634139
nm0000380,tt0071562,Robert Duvall,true,2025-07-27 05:47:20.123423
nm0000388,tt0114369,R. Lee Ermey,false,2025-07-27 05:43:28.067664
nm0000398,tt0109830,Sally Field,true,2025-07-27 05:43:37.933597
nm0000401,tt0133093,Laurence Fishburne,true,2025-07-27 05:42:49.113582
nm0000402,tt0076759,Carrie Fisher,true,2025-07-27 05:46:13.043892
nm0000402,tt0080684,Carrie Fisher,true,2025-07-27 05:42:37.014383
nm0000411,tt0103064,Edward Furlong,true,2025-07-27 05:46:20.454236
nm0000411,tt0120586,Edward Furlong,true,2025-07-27 05:44:46.00348
nm0000417,tt0088763,Crispin Glover,true,2025-07-27 05:46:07.1938
nm0000434,tt0076759,Mark Hamill,true,2025-07-27 05:45:47.42449
nm0000434,tt0080684,Mark Hamill,true,2025-07-27 05:42:16.574548
nm0000445,tt0114814,Dan Hedaya,false,2025-07-27 05:44:17.963734
nm0000453,tt0078748,Ian Holm,false,2025-07-27 05:44:03.593986
nm0000453,tt0120737,Ian Holm,false,2025-07-27 05:46:52.194026
nm0000457,tt0078748,John Hurt,false,2025-07-27 05:44:02.48451
nm0000460,tt0110357,Jeremy Irons,false,2025-07-27 05:45:27.253806
nm0000469,tt0110357,James Earl Jones,false,2025-07-27 05:45:27.613527
nm0000473,tt0068646,Diane Keaton,false,2025-07-27 05:47:13.914597
nm0000473,tt0071562,Diane Keaton,true,2025-07-27 05:47:20.493467
nm0000489,tt0120737,Christopher Lee,false,2025-07-27 05:46:52.563992
nm0000489,tt0167261,Christopher Lee,false,2025-07-27 05:43:21.16454
nm0000497,tt0120586,Jennifer Lien,true,2025-07-27 05:44:46.74482
nm0000501,tt0099685,Ray Liotta,true,2025-07-27 05:43:30.993578
nm0000502,tt0073486,Christopher Lloyd,false,2025-07-27 05:42:30.114404
nm0000502,tt0088763,Christopher Lloyd,true,2025-07-27 05:46:06.473873
nm0000529,tt0099685,Debi Mazar,false,2025-07-27 05:43:36.484272
nm0000553,tt0108052,Liam Neeson,true,2025-07-27 05:46:39.824695
nm0000568,tt0080684,Frank Oz,false,2025-07-27 05:42:39.214321
nm0000569,tt0114369,Gwyneth Paltrow,false,2025-07-27 05:43:26.264543
nm0000578,tt0054215,Anthony Perkins,true,2025-07-27 05:45:26.45467
nm0000582,tt0099685,Joe Pesci,true,2025-07-27 05:43:31.353742
nm0000592,tt0114814,Pete Postlethwaite,false,2025-07-27 05:44:16.863842
nm0000592,tt1375666,Pete Postlethwaite,false,2025-07-27 05:42:11.834557
nm0000606,tt0110413,Jean Reno,true,2025-07-27 05:44:13.533572
nm0000609,tt0110912,Ving Rhames,false,2025-07-27 05:46:56.194152
nm0000610,tt0120815,Giovanni Ribisi,false,2025-07-27 05:42:20.244859
nm0000616,tt0468569,Eric Roberts,false,2025-07-27 05:47:36.893496
nm0000619,tt0110912,Tim Roth,true,2025-07-27 05:46:54.013808
nm0000640,tt0407887,Martin Sheen,false,2025-07-27 05:45:14.314126
nm0000641,tt0109830,Gary Sinise,false,2025-07-27 05:43:37.57467
nm0000643,tt0078748,Tom Skerritt,true,2025-07-27 05:44:02.11537
nm0000649,tt0099685,Paul Sorvino,false,2025-07-27 05:43:32.084714
nm0000655,tt0110912,Eric Stoltz,false,2025-07-27 05:46:57.633846
nm0000670,tt0088763,Lea Thompson,true,2025-07-27 05:46:06.833875
nm0000704,tt0120737,Elijah Wood,false,2025-07-27 05:46:39.094716
nm0000704,tt0167260,Elijah Wood,false,2025-07-27 05:46:40.193862
nm0000704,tt0167261,Elijah Wood,false,2025-07-27 05:43:02.474078
nm0000705,tt0109830,Robin Wright,false,2025-07-27 05:43:37.204668
nm0000708,tt0088763,Billy Zane,false,2025-07-27 05:46:10.864184
nm0000729,tt0816692,Casey Affleck,false,2025-07-27 05:42:36.294229
nm0000732,tt0110413,Danny Aiello,true,2025-07-27 05:44:40.514829
nm0000751,tt0114814,Suzy Amis,false,2025-07-27 05:44:17.223815
nm0000832,tt0102926,Diane Baker,false,2025-07-27 05:43:51.464225
nm0000842,tt0050083,Martin Balsam,true,2025-07-27 05:47:27.093573
nm0000842,tt0054215,Martin Balsam,false,2025-07-27 05:45:34.583639
nm0000859,tt0038650,Lionel Barrymore,true,2025-07-27 05:43:43.80459
nm0000860,tt0114814,Paul Bartel,false,2025-07-27 05:44:18.324029
nm0000905,tt0118799,Roberto Benigni,true,2025-07-27 05:46:19.3443
nm0000949,tt0120737,Cate Blanchett,false,2025-07-27 05:46:51.476154
nm0000949,tt0167260,Cate Blanchett,false,2025-07-27 05:47:08.584351
nm0000949,tt0167261,Cate Blanchett,false,2025-07-27 05:43:17.874041
nm0000955,tt0038650,Ward Bond,false,2025-07-27 05:43:45.614016
nm0000966,tt0099685,Lorraine Bracco,true,2025-07-27 05:43:31.723612
nm0000971,tt0118799,Nicoletta Braschi,true,2025-07-27 05:46:26.233902
nm0000984,tt0120586,Avery Brooks,false,2025-07-27 05:44:47.833807
nm0000995,tt0816692,Ellen Burstyn,true,2025-07-27 05:42:31.584128
nm0001001,tt0068646,James Caan,true,2025-07-27 05:47:13.553252
nm0001021,tt0078748,Veronica Cartwright,true,2025-07-27 05:44:02.844129
nm0001030,tt0068646,John Cazale,false,2025-07-27 05:47:17.543616
nm0001030,tt0071562,John Cazale,false,2025-07-27 05:47:20.853392
nm0001079,tt0073486,Scatman Crothers,false,2025-07-27 05:42:26.124749
nm0001088,tt0076759,Peter Cushing,true,2025-07-27 05:46:13.773898
nm0001101,tt0120815,Ted Danson,false,2025-07-27 05:42:20.965018
nm0001110,tt0108052,Embeth Davidtz,false,2025-07-27 05:47:00.573932
nm0001111,tt0120815,Jeremy Davies,false,2025-07-27 05:42:20.603961
nm0001125,tt0114814,Benicio Del Toro,true,2025-07-27 05:44:16.124063
nm0001137,tt0816692,William Devane,false,2025-07-27 05:42:34.844146
nm0001173,tt0468569,Aaron Eckhart,true,2025-07-27 05:47:33.273837
nm0001190,tt0076759,David Prowse,false,2025-07-27 05:46:15.244901
nm0001190,tt0080684,David Prowse,false,2025-07-27 05:42:38.114198
nm0001199,tt0120815,Dennis Farina,false,2025-07-27 05:42:21.733833
nm0001221,tt0073486,Louise Fletcher,false,2025-07-27 05:42:24.316829
nm0001260,tt0054215,John Gavin,true,2025-07-27 05:45:34.213862
nm0001277,tt0102926,Scott Glenn,true,2025-07-27 05:43:49.994173
nm0001280,tt0103064,Jenette Goldstein,false,2025-07-27 05:46:22.975174
nm0001285,tt0120586,Elliott Gould,false,2025-07-27 05:44:48.193382
nm0001295,tt0120689,Graham Greene,false,2025-07-27 05:43:04.643907
nm0001305,tt1375666,Lukas Haas,false,2025-07-27 05:42:12.574687
nm0001309,tt0468569,Anthony Michael Hall,false,2025-07-27 05:47:37.613573
nm0001321,tt0172495,Richard Harris,false,2025-07-27 05:45:20.875467
nm0001330,tt0068646,Sterling Hayden,false,2025-07-27 05:47:14.994113
nm0001372,tt0120689,Bonnie Hunt,true,2025-07-27 05:43:03.554323
nm0001389,tt0102926,Chris Isaak,false,2025-07-27 05:43:55.484172
nm0001394,tt0172495,Derek Jacobi,false,2025-07-27 05:45:21.234648
nm0001426,tt0108052,Ben Kingsley,true,2025-07-27 05:46:59.485181
nm0001430,tt0050083,Jack Klugman,false,2025-07-27 05:47:28.183305
nm0001433,tt0078748,Yaphet Kotto,false,2025-07-27 05:44:03.965438
nm0001447,tt0110357,Nathan Lane,false,2025-07-27 05:45:30.183944
nm0001463,tt0054215,Janet Leigh,true,2025-07-27 05:45:33.494674
nm0001475,tt0816692,John Lithgow,true,2025-07-27 05:42:31.94413
nm0001507,tt0110357,Cheech Marin,false,2025-07-27 05:45:30.923776
nm0001533,tt0137523,Meat Loaf,true,2025-07-27 05:42:43.284371
nm0001536,tt0047478,Toshirô Mifune,true,2025-07-27 05:43:23.684376
nm0001556,tt0120689,David Morse,true,2025-07-27 05:43:03.194268
nm0001557,tt0120737,Viggo Mortensen,false,2025-07-27 05:46:50.384803
nm0001557,tt0167260,Viggo Mortensen,false,2025-07-27 05:47:05.293969
nm0001557,tt0167261,Viggo Mortensen,false,2025-07-27 05:43:15.694676
nm0001567,tt0172495,Connie Nielsen,true,2025-07-27 05:45:20.153575
nm0001570,tt0120586,Edward Norton,true,2025-07-27 05:44:13.903713
nm0001570,tt0137523,Edward Norton,true,2025-07-27 05:42:42.914797
nm0001590,tt0114814,Chazz Palminteri,false,2025-07-27 05:44:15.383938
nm0001592,tt0133093,Joe Pantoliano,false,2025-07-27 05:42:50.583953
nm0001598,tt0103064,Robert Patrick,true,2025-07-27 05:46:20.814967
nm0001608,tt0120689,Barry Pepper,false,2025-07-27 05:43:05.754004
nm0001608,tt0120815,Barry Pepper,true,2025-07-27 05:42:19.14386
nm0001618,tt0172495,Joaquin Phoenix,true,2025-07-27 05:45:19.794743
nm0001625,tt0110912,Amanda Plummer,true,2025-07-27 05:46:54.373775
nm0001629,tt0114814,Kevin Pollak,true,2025-07-27 05:44:16.483685
nm0001647,tt0034583,Claude Rains,true,2025-07-27 05:44:28.184018
nm0001656,tt0038650,Donna Reed,true,2025-07-27 05:43:43.444187
nm0001657,tt0172495,Oliver Reed,true,2025-07-27 05:45:20.514649
nm0001663,tt2582802,Paul Reiser,true,2025-07-27 05:45:07.274948
nm0001679,tt0111161,Mark Rolston,false,2025-07-27 05:43:10.944486
nm0001679,tt0407887,Mark Rolston,false,2025-07-27 05:45:17.224245
nm0001735,tt0068646,Talia Shire,false,2025-07-27 05:47:16.823101
nm0001735,tt0071562,Talia Shire,false,2025-07-27 05:47:21.213418
nm0001744,tt0120815,Tom Sizemore,true,2025-07-27 05:42:18.415021
nm0001765,tt0078748,Harry Dean Stanton,true,2025-07-27 05:44:03.224563
nm0001765,tt0120689,Harry Dean Stanton,false,2025-07-27 05:43:06.85458
nm0001795,tt0110357,Jonathan Taylor Thomas,false,2025-07-27 05:45:32.033743
nm0001812,tt0060196,Lee Van Cleef,true,2025-07-27 05:46:40.934408
nm0001820,tt0068646,Abe Vigoda,false,2025-07-27 05:47:16.453605
nm0001825,tt0114369,Andrew Kevin Walker,true,2025-07-27 05:43:25.53465
nm0001844,tt0110912,Frank Whaley,false,2025-07-27 05:46:55.473702
nm0001850,tt0080684,Billy Dee Williams,true,2025-07-27 05:42:37.385206
nm0001855,tt0088763,Tom Wilson,false,2025-07-27 05:46:07.555131
nm0001976,tt0118799,Horst Buchholz,false,2025-07-27 05:46:28.044282
nm0002011,tt0050083,Lee J. Cobb,true,2025-07-27 05:47:26.713319
nm0002017,tt0068646,Richard Conte,false,2025-07-27 05:47:15.713642
nm0002064,tt0114814,Giancarlo Esposito,false,2025-07-27 05:44:17.593661
nm0002103,tt0080684,Julian Glover,false,2025-07-27 05:42:42.164738
nm0002104,tt0027977,Paulette Goddard,true,2025-07-27 05:42:55.303551
nm0002108,tt0038650,Gloria Grahame,false,2025-07-27 05:43:45.97485
nm0002113,tt0034583,Sydney Greenstreet,false,2025-07-27 05:44:28.915062
nm0002134,tt0034583,Paul Henreid,true,2025-07-27 05:44:27.814001
nm0003225,tt0050083,Ed Begley,false,2025-07-27 05:47:29.633641
nm0003424,tt0027977,Hank Mann,false,2025-07-27 05:42:56.753599
nm0003817,tt0120689,Michael Clarke Duncan,true,2025-07-27 05:43:02.837996
nm0004266,tt0816692,Anne Hathaway,false,2025-07-27 05:42:30.494171
nm0004650,tt0118799,Marisa Paredes,false,2025-07-27 05:46:27.684031
nm0004709,tt0120586,Giuseppe Andrews,false,2025-07-27 05:44:51.454591
nm0004743,tt0111161,Gil Bellows,false,2025-07-27 05:43:10.584251
nm0004747,tt0816692,Wes Bentley,false,2025-07-27 05:42:34.484666
nm0004778,tt0253474,Adrien Brody,true,2025-07-27 05:45:26.83452
nm0004801,tt0468569,Nestor Carbonell,false,2025-07-27 05:47:36.533588
nm0004829,tt0172495,Spencer Treat Clark,false,2025-07-27 05:45:23.443613
nm0004874,tt0120815,Vin Diesel,false,2025-07-27 05:42:19.88421
nm0004965,tt0120815,Adam Goldberg,false,2025-07-27 05:42:19.506215
nm0005023,tt0172495,Djimon Hounsou,false,2025-07-27 05:45:21.595403
nm0005052,tt0120689,Michael Jeter,false,2025-07-27 05:43:04.283973
nm0005078,tt0120586,Stacy Keach,false,2025-07-27 05:44:48.553756
nm0005132,tt0468569,Heath Ledger,true,2025-07-27 05:47:32.913408
nm0005204,tt0111161,Paul McCrane,false,2025-07-27 05:43:14.244083
nm0005212,tt0120737,Ian McKellen,false,2025-07-27 05:46:46.754838
nm0005212,tt0167260,Ian McKellen,false,2025-07-27 05:47:05.655704
nm0005212,tt0167261,Ian McKellen,false,2025-07-27 05:43:15.324221
nm0005241,tt0172495,Ralf Moeller,false,2025-07-27 05:45:23.084251
nm0005251,tt0133093,Carrie-Anne Moss,true,2025-07-27 05:42:49.48356
nm0005305,tt0482571,Piper Perabo,true,2025-07-27 05:44:53.285088
nm0005377,tt0120689,Sam Rockwell,false,2025-07-27 05:43:05.3848
nm0005403,tt9362722,Jason Schwartzman,false,2025-07-27 05:44:35.454319
nm0006535,tt0120689,Doug Hutchison,false,2025-07-27 05:43:05.012166
nm0006669,tt0111161,William Sadler,true,2025-07-27 05:43:09.815791
nm0006669,tt0120689,William Sadler,false,2025-07-27 05:43:07.934968
nm0007214,tt0038650,Frank Albertson,false,2025-07-27 05:43:46.693891
nm0007214,tt0054215,Frank Albertson,false,2025-07-27 05:45:35.694783
nm0007808,tt0034583,Abdullah Abbas,false,2025-07-27 05:44:32.174697
nm0010185,tt0034583,Enrique Acosta,false,2025-07-27 05:44:32.534317
nm0013306,tt0034583,Ed Agresti,false,2025-07-27 05:44:32.904157
nm0018685,tt0027977,Richard Alexander,false,2025-07-27 05:42:57.843619
nm0019142,tt0118799,Claudio Alfonsi,false,2025-07-27 05:46:30.595559
nm0019145,tt0118799,Lidia Alfonsi,false,2025-07-27 05:46:28.404158
nm0020513,tt0054215,Fletcher Allen,false,2025-07-27 05:45:37.873731
nm0021600,tt0167261,Bruce Allpress,true,2025-07-27 05:43:16.414494
nm0024197,tt0056058,Shichisaburô Amatsu,false,2025-07-27 05:45:04.204456
nm0024634,tt1675434,Christian Ameri,false,2025-07-27 05:44:09.833658
nm0026364,tt0407887,Anthony Anderson,false,2025-07-27 05:45:15.404205
nm0026930,tt0054215,John Anderson,false,2025-07-27 05:45:37.153643
nm0027402,tt0109830,Sam Anderson,false,2025-07-27 05:43:40.503852
nm0028625,tt0137523,David Andrews,false,2025-07-27 05:42:44.364354
nm0031837,tt0056058,Yoshirô Aoki,false,2025-07-27 05:45:01.654364
nm0032216,tt0110413,Peter Appel,false,2025-07-27 05:44:40.884933
nm0032370,tt0120737,Noel Appleby,true,2025-07-27 05:46:48.204605
nm0032370,tt0167260,Noel Appleby,true,2025-07-27 05:47:06.383997
nm0032810,tt0133093,Julian Arahanga,false,2025-07-27 05:42:51.304579
nm0032962,tt0172495,Tomas Arana,false,2025-07-27 05:45:22.684768
nm0037118,tt0137523,Richmond Arquette,false,2025-07-27 05:42:44.004486
nm0039784,tt0253474,Joachim Paul Assböck,false,2025-07-27 05:45:45.503986
nm0040012,tt0167260,Ali Astin,true,2025-07-27 05:47:06.743841
nm0040058,tt0133093,David Aston,false,2025-07-27 05:42:53.473861
nm0040058,tt0167260,David Aston,true,2025-07-27 05:47:07.464196
nm0041066,tt0095765,Antonella Attili,true,2025-07-27 05:44:21.624281
nm0044469,tt0056058,Jô Azumi,false,2025-07-27 05:45:03.483949
nm0045324,tt0167260,John Bach,false,2025-07-27 05:47:07.823979
nm0045324,tt0167261,John Bach,true,2025-07-27 05:43:17.144339
nm0045839,tt0054215,Walter Bacon,false,2025-07-27 05:45:38.234779
nm0045937,tt0110413,Michael Badalucco,false,2025-07-27 05:44:42.723401
nm0045993,tt0078748,Bolaji Badejo,false,2025-07-27 05:44:04.335147
nm0048652,tt0076759,Kenny Baker,false,2025-07-27 05:46:14.523675
nm0048652,tt0080684,Kenny Baker,false,2025-07-27 05:42:38.834391
nm0056391,tt0118799,Gil Baroni,false,2025-07-27 05:46:30.966603
nm0058384,tt0060196,John Bartha,false,2025-07-27 05:46:43.124749
nm0074788,tt0027977,Henry Bergman,true,2025-07-27 05:42:55.674842
nm0075359,tt0103064,Xander Berkeley,false,2025-07-27 05:46:23.343972
nm0076306,tt0110413,Luc Bernard,false,2025-07-27 05:44:45.284478
nm0077720,tt0073486,Michael Berryman,true,2025-07-27 05:42:24.674886
nm0080641,tt0118799,Massimo Bianchi,false,2025-07-27 05:46:31.325225
nm0082979,tt0118799,Sergio Bini Bustric,false,2025-07-27 05:46:27.324244
nm0083081,tt0050083,Edward Binns,false,2025-07-27 05:47:28.543626
nm0086169,tt0111161,Renee Blaine,false,2025-07-27 05:43:14.604157
nm0089112,tt0110413,Willi One Blood,false,2025-07-27 05:44:41.244433
nm0089217,tt0120737,Orlando Bloom,false,2025-07-27 05:46:47.126793
nm0089217,tt0167260,Orlando Bloom,false,2025-07-27 05:47:06.013858
nm0089217,tt0167261,Orlando Bloom,false,2025-07-27 05:43:16.054188
nm0090008,tt0027977,Stanley Blystone,false,2025-07-27 05:42:57.114574
nm0091286,tt0103064,Earl Boen,false,2025-07-27 05:46:21.174304
nm0092104,tt0118799,Jürgen Bohn,false,2025-07-27 05:46:31.687148
nm0092290,tt0034583,Curt Bois,false,2025-07-27 05:44:31.804623
nm0094036,tt0050083,Rudy Bond,false,2025-07-27 05:47:30.723558
nm0094036,tt0068646,Rudy Bond,false,2025-07-27 05:47:17.903276
nm0094135,tt0038650,Beulah Bondi,false,2025-07-27 05:43:44.893934
nm0094163,tt0137523,Eugenie Bondurant,false,2025-07-27 05:42:45.09451
nm0095960,tt0816692,Andrew Borba,false,2025-07-27 05:42:34.124292
nm0101710,tt0120737,Billy Boyd,false,2025-07-27 05:46:49.284755
nm0101710,tt0167260,Billy Boyd,false,2025-07-27 05:47:08.955256
nm0101710,tt0167261,Billy Boyd,false,2025-07-27 05:43:18.244846
nm0103797,tt0317248,Alice Braga,false,2025-07-27 05:46:34.99423
nm0104594,tt0111161,Larry Brandenburg,false,2025-07-27 05:43:12.054152
nm0107573,tt0120689,Eve Brent,false,2025-07-27 05:43:07.575294
nm0107808,tt0114814,Carl Bressler,false,2025-07-27 05:44:18.684001
nm0109175,tt0071562,Richard Bright,false,2025-07-27 05:47:22.674348
nm0110480,tt0073486,Peter Brocco,true,2025-07-27 05:42:25.034979
nm0111954,tt0073486,Dean R. Brooks,true,2025-07-27 05:42:25.393934
nm0112400,tt0167261,Jed Brophy,false,2025-07-27 05:43:18.604357
nm0113000,tt0073486,Alonzo Brown,true,2025-07-27 05:42:25.755224
nm0114436,tt0076759,Phil Brown,false,2025-07-27 05:46:15.613708
nm0115143,tt0167260,Alistair Browning,false,2025-07-27 05:47:09.683782
nm0116465,tt0120815,Dylan Bruno,false,2025-07-27 05:42:22.824853
nm0120116,tt0080684,Jeremy Bulloch,false,2025-07-27 05:42:39.964481
nm0120717,tt0118799,Verena Buratti,false,2025-07-27 05:46:32.044221
nm0122653,tt0120815,Edward Burns,true,2025-07-27 05:42:18.783901
nm0124873,tt0102926,Dan Butler,false,2025-07-27 05:43:55.124131
nm0125653,tt0137523,Ezra Buzzington,false,2025-07-27 05:42:47.664264
nm0125952,tt0076759,Eddie Byrne,false,2025-07-27 05:46:17.063866
nm0127680,tt0137523,Christina Cabot,false,2025-07-27 05:42:45.454431
nm0129295,tt0110357,Niketa Calame-Harris,true,2025-07-27 05:45:28.703742
nm0129538,tt0110912,Paul Calderon,false,2025-07-27 05:46:56.553761
nm0134073,tt0095765,Enzo Cannavale,true,2025-07-27 05:44:21.2637
nm0134493,tt0118799,Giorgio Cantarini,true,2025-07-27 05:46:26.593954
nm0139107,tt1675434,François Caron,false,2025-07-27 05:44:09.463705
nm0141275,tt0054215,Kit Carson,false,2025-07-27 05:45:38.954298
nm0142804,tt0060196,Antonio Casale,false,2025-07-27 05:46:43.854589
nm0143030,tt0060196,Antonio Casas,false,2025-07-27 05:46:45.304456
nm0143150,tt0095765,Salvatore Cascio,false,2025-07-27 05:44:24.163912
nm0144307,tt0114369,John Cassini,false,2025-07-27 05:43:26.624505
nm0144710,tt0068646,Richard S. Castellano,true,2025-07-27 05:47:14.273721
nm0146146,tt0114369,Reg E. Cathey,false,2025-07-27 05:43:27.704605
nm0146681,tt0110357,Cathy Cavadini,false,2025-07-27 05:45:32.774076
nm0148738,tt0120815,Daniel Cerqueira,false,2025-07-27 05:42:23.184106
nm0149987,tt0110413,Eric Challier,false,2025-07-27 05:44:44.924217
nm0153738,tt0245429,Daveigh Chase,false,2025-07-27 05:45:46.693963
nm0156928,tt0047478,Minoru Chiaki,false,2025-07-27 05:43:58.060415
nm0159059,tt0133093,Marcus Chong,false,2025-07-27 05:42:50.943751
nm0160690,tt0114369,George Christy,false,2025-07-27 05:43:28.434009
nm0161980,tt0111161,Jude Ciccolella,false,2025-07-27 05:43:13.884363
nm0162326,tt0095765,Tano Cimarosa,false,2025-07-27 05:44:24.52435
nm0163988,tt0114814,Clark Gregg,false,2025-07-27 05:44:20.134542
nm0164119,tt0054215,Johnny Clark,false,2025-07-27 05:45:39.324537
nm0165101,tt0120689,Patricia Clarkson,false,2025-07-27 05:43:06.493959
nm0167388,tt1675434,François Cluzet,true,2025-07-27 05:43:24.434358
nm0169454,tt0088763,J.J. Cohen,false,2025-07-27 05:46:10.143744
nm0171829,tt0080684,Kenneth Colley,false,2025-07-27 05:42:41.794388
nm0172172,tt0114369,Bob Collins,false,2025-07-27 05:43:29.884706
nm0173257,tt0137523,Sydney 'Big Dawg' Colston,false,2025-07-27 05:42:46.174434
nm0174682,tt0027977,Chester Conklin,false,2025-07-27 05:42:56.393859
nm0177528,tt0103064,Danny Cooksey,false,2025-07-27 05:46:22.613968
nm0180984,tt0407887,Kevin Corrigan,false,2025-07-27 05:45:16.134875
nm0181288,tt0120586,Joe Cortese,false,2025-07-27 05:44:49.634689
nm0182662,tt0468569,Ritchie Coster,false,2025-07-27 05:47:37.2536
nm0182839,tt1375666,Marion Cotillard,false,2025-07-27 05:42:11.472977
nm0187199,tt0110413,Don Creech,false,2025-07-27 05:44:41.604077
nm0188598,tt0114369,Peter Crombie,false,2025-07-27 05:43:27.344346
nm0188728,tt0137523,Christie Cronenweth,false,2025-07-27 05:42:46.914346
nm0190744,tt0120737,Marton Csokas,false,2025-07-27 05:46:50.013687
nm0190744,tt0167260,Marton Csokas,false,2025-07-27 05:47:10.054593
nm0191784,tt0073486,Mwako Cumbuka,false,2025-07-27 05:42:26.483995
nm0191906,tt0110357,Jim Cummings,true,2025-07-27 05:45:29.068747
nm0196839,tt1675434,Dominique Daguier,false,2025-07-27 05:44:09.104199
nm0197647,tt0407887,James Badge Dale,false,2025-07-27 05:45:16.505379
nm0198306,tt0407887,Kristen Dalton,false,2025-07-27 05:45:17.944195
nm0198470,tt0114814,Ken Daly,false,2025-07-27 05:44:20.903775
nm0199774,tt0095765,Isa Danieli,true,2025-07-27 05:44:21.983832
nm0201700,tt0099685,Tony Darrow,false,2025-07-27 05:43:32.833721
nm0201719,tt0102926,Danny Darst,false,2025-07-27 05:43:53.644284
nm0203525,tt0114369,William Davidson,false,2025-07-27 05:43:29.513692
nm0204425,tt0482571,Daniel Davis,false,2025-07-27 05:44:55.103754
nm0211495,tt0071562,Francesca De Sapio,false,2025-07-27 05:47:24.503384
nm0211599,tt0118799,Pietro De Silva,false,2025-07-27 05:46:29.504995
nm0212498,tt0137523,Tim DeZarn,false,2025-07-27 05:42:47.28446
nm0212939,tt0468569,Ron Dean,false,2025-07-27 05:47:35.453556
nm0217301,tt0137523,Charlie Dell,false,2025-07-27 05:42:48.753515
nm0218810,tt0111161,Jeffrey DeMunn,false,2025-07-27 05:43:11.694033
nm0218810,tt0120689,Jeffrey DeMunn,false,2025-07-27 05:43:06.133948
nm0221103,tt1675434,Marie-Laure Descoureaux,false,2025-07-27 05:44:10.934264
nm0224214,tt0095765,Nicola Di Pinto,false,2025-07-27 05:44:24.885971
nm0225191,tt0088763,George DiCenzo,false,2025-07-27 05:46:09.024027
nm0226746,tt0099685,Frank DiLeo,false,2025-07-27 05:43:34.303651
nm0229084,tt0172495,Omid Djalili,false,2025-07-27 05:45:24.884376
nm0229930,tt0109830,Peter Dobson,false,2025-07-27 05:43:42.334265
nm0233391,tt0133093,Matt Doran,false,2025-07-27 05:42:51.663825
nm0236148,tt0137523,Dierdre Downing-Jackson,false,2025-07-27 05:42:48.03461
nm0237222,tt9362722,Rachel Dratch,false,2025-07-27 05:44:39.423502
nm0240239,tt0073486,William Duell,false,2025-07-27 05:42:27.213991
nm0242882,tt0120815,Max Martini,false,2025-07-27 05:42:22.465541
nm0243804,tt0110357,Judi M. Durand,false,2025-07-27 05:45:33.133784
nm0243842,tt0118799,Giustino Durano,true,2025-07-27 05:46:26.954042
nm0249602,tt0038650,William Edmunds,false,2025-07-27 05:43:49.254191
nm0250218,tt0103064,Michael Edwards,false,2025-07-27 05:46:25.503947
nm0250352,tt0038650,Sarah Edwards,false,2025-07-27 05:43:48.884355
nm0253574,tt0073486,Josip Elic,false,2025-07-27 05:42:27.58588
nm0261452,tt0114814,Christine Estabrook,false,2025-07-27 05:44:19.773911
nm0264577,tt0108052,Miri Fabian,false,2025-07-27 05:47:04.914454
nm0265670,tt0102926,Frankie Faison,false,2025-07-27 05:43:54.384139
nm0266441,tt0109830,Siobhan Fallon Hogan,false,2025-07-27 05:43:42.703856
nm0267812,tt0407887,Vera Farmiga,false,2025-07-27 05:45:15.044093
nm0269709,tt0038650,Frank Faylen,false,2025-07-27 05:43:45.254603
nm0271753,tt0073486,Lan Fendors,false,2025-07-27 05:42:27.943889
nm0272527,tt0120737,Mark Ferguson,false,2025-07-27 05:46:51.833828
nm0275835,tt0050083,John Fiedler,true,2025-07-27 05:47:27.453329
nm0277975,tt0253474,Frank Finlay,false,2025-07-27 05:45:40.064392
nm0281107,tt0172495,Tommy Flanagan,false,2025-07-27 05:45:24.163562
nm0284997,tt0118799,Amerigo Fontani,false,2025-07-27 05:46:29.134197
nm0287637,tt0095765,Brigitte Fossey,false,2025-07-27 05:44:26.34416
nm0287825,tt0133093,Gloria Foster,false,2025-07-27 05:42:50.214206
nm0288976,tt0253474,Emilia Fox,true,2025-07-27 05:45:40.423895
nm0292235,tt0076759,Shelagh Fraser,false,2025-07-27 05:46:15.984706
nm0293483,tt0088763,Lisa Freeman,false,2025-07-27 05:46:11.954427
nm0297869,tt0047478,Kamatari Fujiwara,false,2025-07-27 05:43:56.944419
nm0298412,tt0088763,Donald Fullilove,false,2025-07-27 05:46:11.583792
nm0302345,tt0110912,Bronagh Gallagher,false,2025-07-27 05:46:56.913926
nm0305087,tt0027977,Al Ernest Garcia,false,2025-07-27 05:42:57.47362
nm0309107,tt0245429,Tatsuya Gashûin,false,2025-07-27 05:46:02.453469
nm0311155,tt0071562,Michael V. Gazzo,false,2025-07-27 05:47:21.955639
nm0311343,tt0108052,Malgorzata Gebel,false,2025-07-27 05:47:00.934014
nm0313554,tt0073486,Nathan George,false,2025-07-27 05:42:28.304336
nm0316079,tt0120815,Paul Giamatti,false,2025-07-27 05:42:21.363755
nm0316480,tt0103064,Ken Gibbel,false,2025-07-27 05:46:24.064184
nm0318402,tt0110912,Michael Gilden,false,2025-07-27 05:46:58.373958
nm0321291,tt0095765,Turi Giuffrida,false,2025-07-27 05:44:27.093861
nm0321294,tt0060196,Aldo Giuffrè,true,2025-07-27 05:46:41.303457
nm0321358,tt0111161,Neil Giuntoli,false,2025-07-27 05:43:12.413946
nm0321798,tt0110413,Keith A. Glascoe,false,2025-07-27 05:44:41.993906
nm0323822,tt0133093,Paul Goddard,false,2025-07-27 05:42:52.753583
nm0327104,tt0056058,Ryûtarô Gomi,false,2025-07-27 05:45:03.123957
nm0328751,tt0108052,Caroline Goodall,true,2025-07-27 05:46:59.854011
nm0330139,tt0133093,Deni Gordon,false,2025-07-27 05:42:54.583734
nm0330687,tt1375666,Joseph Gordon-Levitt,true,2025-07-27 05:42:08.94289
nm0330983,tt0120815,Demetri Goritsas,false,2025-07-27 05:42:23.544035
nm0331131,tt0050083,Tom Gorman,false,2025-07-27 05:47:31.083501
nm0336802,tt0133093,Marc Aden Gray,false,2025-07-27 05:42:53.844629
nm0338746,tt0110413,Ellen Greene,false,2025-07-27 05:44:43.083783
nm0339428,tt0120689,Dabbs Greer,false,2025-07-27 05:43:07.21413
nm0340260,tt0137523,Zach Grenier,true,2025-07-27 05:42:43.644766
nm0346003,tt0103064,Castulo Guerra,false,2025-07-27 05:46:22.254218
nm0347039,tt0110357,Robert Guillaume,false,2025-07-27 05:45:29.434157
nm0347842,tt0095765,Leo Gullotta,true,2025-07-27 05:44:22.343875
nm0348409,tt0111161,Bob Gunton,true,2025-07-27 05:43:09.429483
nm0348515,tt2582802,Damon Gupton,false,2025-07-27 05:45:08.744168
nm0350147,tt0118799,Francesco Guzzo,false,2025-07-27 05:46:29.864812
nm0350454,tt0468569,Maggie Gyllenhaal,false,2025-07-27 05:47:34.003875
nm0353796,tt0076759,Garrick Hagon,false,2025-07-27 05:46:18.153714
nm0356017,tt0482571,Rebecca Hall,false,2025-07-27 05:44:53.643805
nm0357696,tt0103064,Leslie Hamilton Gearren,false,2025-07-27 05:46:23.703997
nm0362766,tt1375666,Tom Hardy,true,2025-07-27 05:42:10.029927
nm0364807,tt0482571,Jamie Harris,false,2025-07-27 05:44:56.913937
nm0367176,tt0468569,Joshua Harto,false,2025-07-27 05:47:38.712784
nm0367211,tt0114369,Jimmy Dale Hartsell,false,2025-07-27 05:43:30.273819
nm0368049,tt0056058,Ichirô Nakatani,false,2025-07-27 05:44:59.823526
nm0370632,tt0245429,Koba Hayashi,false,2025-07-27 05:46:03.903449
nm0372217,tt0102926,Anthony Heald,false,2025-07-27 05:43:50.735941
nm0376101,tt0172495,David Hemmings,false,2025-07-27 05:45:23.804671
nm0377120,tt0076759,Drewe Henley,false,2025-07-27 05:46:17.423715
nm0381041,tt0109830,Harold G. Herthum,false,2025-07-27 05:43:39.024832
nm0383091,tt0047478,Bokuzen Hidari,false,2025-07-27 05:43:59.16444
nm0383708,tt0245429,Rumi Hiiragi,true,2025-07-27 05:46:00.964518
nm0384060,tt0167260,Bernard Hill,false,2025-07-27 05:47:11.144057
nm0384060,tt0167261,Bernard Hill,false,2025-07-27 05:43:20.064438
nm0384494,tt0071562,Marianna Hill,false,2025-07-27 05:47:25.223563
nm0385594,tt0038650,Samuel S. Hinds,false,2025-07-27 05:43:47.434109
nm0386877,tt0054215,Patricia Hitchcock,false,2025-07-27 05:45:36.063649
nm0387533,tt0110912,Jerome Patrick Hoban,false,2025-07-27 05:46:58.004034
nm0391197,tt0080684,John Hollis,false,2025-07-27 05:42:40.34446
nm0394126,tt0167261,Bruce Hopkins,false,2025-07-27 05:43:20.424532
nm0395600,tt0078748,Helen Horton,false,2025-07-27 05:44:04.704913
nm0397102,tt0120737,Alan Howard,true,2025-07-27 05:46:47.84465
nm0400879,tt0407887,Richard Hughes,false,2025-07-27 05:45:18.664565
nm0401352,tt0114369,Endre Hules,false,2025-07-27 05:43:28.793596
nm0402011,tt0109830,Michael Conner Humphreys,true,2025-07-27 05:43:38.663917
nm0402974,tt0114814,Morgan Hunter,false,2025-07-27 05:44:20.504273
nm0407030,tt0056058,Hisashi Igawa,false,2025-07-27 05:45:00.914129
nm0408343,tt0047478,Yoshio Inaba,false,2025-07-27 05:43:59.52486
nm0408343,tt0056058,Yoshio Inaba,false,2025-07-27 05:45:00.543998
nm0410347,tt0816692,Bill Irwin,false,2025-07-27 05:42:33.754242
nm0410968,tt0056058,Akira Ishihama,true,2025-07-27 05:44:58.364
nm0411980,tt0108052,Mark Ivanir,false,2025-07-27 05:47:01.653988
nm0412615,tt0056058,Shima Iwashita,true,2025-07-27 05:44:58.723968
nm0413168,tt0482571,Hugh Jackman,true,2025-07-27 05:44:52.194667
nm0416551,tt0114369,Hawthorne James,false,2025-07-27 05:43:29.153809
nm0419633,tt0482571,Ricky Jay,false,2025-07-27 05:44:58.003655
nm0424060,tt0482571,Scarlett Johansson,false,2025-07-27 05:44:52.553655
nm0436639,tt0245429,Tsunehiko Kamijô,false,2025-07-27 05:46:04.273712
nm0439851,tt0038650,Todd Karns,false,2025-07-27 05:43:47.064388
nm0441961,tt0047478,Daisuke Katô,false,2025-07-27 05:43:57.304736
nm0442022,tt0088763,Cristen Kauffman,false,2025-07-27 05:46:12.323708
nm0445479,tt0172495,Chris Kell,false,2025-07-27 05:45:25.624401
nm0446404,tt0109830,George Kelly,false,2025-07-27 05:43:39.414775
nm0446450,tt0050083,James Kelly,false,2025-07-27 05:47:31.452928
nm0446702,tt0110357,Moira Kelly,false,2025-07-27 05:45:29.813962
nm0448589,tt0073486,Ken Kenny,false,2025-07-27 05:42:28.664274
nm0454087,tt0047478,Isao Kimura,false,2025-07-27 05:43:57.664096
nm0455088,tt0068646,Morgana King,false,2025-07-27 05:47:18.643846
nm0455088,tt0071562,Morgana King,false,2025-07-27 05:47:24.86368
nm0455893,tt0034583,Leonid Kinskey,false,2025-07-27 05:44:31.444593
nm0456124,tt0071562,Bruno Kirby,false,2025-07-27 05:47:23.763334
nm0458161,tt0076759,Jack Klaff,false,2025-07-27 05:46:18.513999
nm0461983,tt0056058,Akiji Kobayashi,false,2025-07-27 05:45:02.404249
nm0462679,tt0047478,Kokuten Kôdô,false,2025-07-27 05:44:00.264382
nm0467566,tt0047478,Yoshio Kosugi,false,2025-07-27 05:43:58.804373
nm0470981,tt0253474,Thomas Kretschmann,false,2025-07-27 05:45:39.694064
nm0481115,tt0095765,Nellina Laganà,false,2025-07-27 05:44:26.714518
nm0482851,tt0110912,Phil LaMarr,false,2025-07-27 05:46:55.113727
nm0483256,tt0073486,Mel Lambert,false,2025-07-27 05:42:29.024035
nm0489861,tt0073486,Sydney Lassick,false,2025-07-27 05:42:29.394212
nm0492458,tt0253474,Thomas Lawinky,false,2025-07-27 05:45:45.144013
nm0493200,tt0076759,Denis Lawson,false,2025-07-27 05:46:17.79378
nm0493684,tt0102926,Paul Lazar,false,2025-07-27 05:43:54.764123
nm0494069,tt0110413,Maïwenn,false,2025-07-27 05:44:45.643522
nm0494504,tt1675434,Anne Le Ny,true,2025-07-27 05:44:05.784702
nm0494922,tt0110357,Zoe Leader,false,2025-07-27 05:45:30.553773
nm0495476,tt0118799,Raffaella Lebboroni,false,2025-07-27 05:46:30.234394
nm0495495,tt0034583,Madeleine Lebeau,false,2025-07-27 05:44:30.004181
nm0497656,tt0073486,Kay Lee,false,2025-07-27 05:42:29.754267
nm0501435,tt0102926,Kasi Lemmons,false,2025-07-27 05:43:51.824178
nm0501665,tt0095765,Roberta Lena,false,2025-07-27 05:44:25.253833
nm0502813,tt0095765,Marco Leonardi,false,2025-07-27 05:44:22.703842
nm0504803,tt0068646,Al Lettieri,false,2025-07-27 05:47:16.073499
nm0505971,tt0102926,Ted Levine,true,2025-07-27 05:43:50.355137
nm0506616,tt0108052,Shmuel Levy,false,2025-07-27 05:47:01.294387
nm0508742,tt0111161,Brian Libby,false,2025-07-27 05:43:12.784474
nm0513520,tt0253474,Maureen Lipman,false,2025-07-27 05:45:41.504556
nm0518057,tt0118799,Giuliana Lojodice,false,2025-07-27 05:46:28.7646
nm0520859,tt0060196,Livio Lorenzon,false,2025-07-27 05:46:43.484493
nm0522027,tt0103064,Jared Lounsbery,false,2025-07-27 05:46:25.863932
nm0522503,tt0110912,Laura Lovelace,true,2025-07-27 05:46:54.733824
nm0522797,tt0099685,Chuck Low,false,2025-07-27 05:43:33.923971
nm0523061,tt2582802,Tarik Lowe,false,2025-07-27 05:45:11.655202
nm0524306,tt0027977,Wilfred Lucas,false,2025-07-27 05:42:59.304103
nm0525181,tt0108052,Krzysztof Luft,false,2025-07-27 05:47:03.094672
nm0529014,tt0120586,Antonio David Lyons,false,2025-07-27 05:44:50.363677
nm0532943,tt0114369,Bob Mack,false,2025-07-27 05:43:26.984372
nm0533323,tt0407887,J.C. MacKenzie,false,2025-07-27 05:45:19.034499
nm0534151,tt0108052,Béatrice Macola,false,2025-07-27 05:47:02.015364
nm0534259,tt0027977,Murdock MacQuarrie,false,2025-07-27 05:42:58.924232
nm0535991,tt0095765,Pupella Maggio,false,2025-07-27 05:44:23.074103
nm0536574,tt0137523,George Maguire,false,2025-07-27 05:42:44.734455
nm0538984,tt0027977,Fred Malatesta,false,2025-07-27 05:43:00.034981
nm0539537,tt0120586,Keram Malicki-Sánchez,false,2025-07-27 05:44:51.093787
nm0542957,tt0111161,Scott Mann,false,2025-07-27 05:43:14.96435
nm0549134,tt0068646,John Marley,false,2025-07-27 05:47:15.353465
nm0550855,tt0050083,E.G. Marshall,true,2025-07-27 05:47:27.823379
nm0553887,tt0068646,Al Martino,false,2025-07-27 05:47:18.273574
nm0556070,tt1375666,Tohoru Masamune,false,2025-07-27 05:42:14.753589
nm0557848,tt0099685,Gina Mastrogiacomo,false,2025-07-27 05:43:35.034802
nm0559581,tt0056058,Tatsuo Matsumura,false,2025-07-27 05:45:02.027397
nm0560593,tt0110413,Carl J. Matusovich,false,2025-07-27 05:44:43.823865
nm0562679,tt0076759,Peter Mayhew,false,2025-07-27 05:46:14.883814
nm0562679,tt0080684,Peter Mayhew,false,2025-07-27 05:42:38.473736
nm0564589,tt0088763,Frances Lee McCain,false,2025-07-27 05:46:09.39413
nm0565133,tt0816692,Francis X. McCarthy,false,2025-07-27 05:42:33.38553
nm0565883,tt0133093,Belinda McClory,false,2025-07-27 05:42:52.023598
nm0566013,tt0088763,Marc McClure,false,2025-07-27 05:46:08.29377
nm0567018,tt0076759,Alex McCrindle,false,2025-07-27 05:46:16.703817
nm0568801,tt0468569,Colin McFarlane,false,2025-07-27 05:47:38.352806
nm0568988,tt0172495,Nicholas McGaughey,false,2025-07-27 05:45:25.263578
nm0570615,tt0054215,John McIntire,false,2025-07-27 05:45:34.963816
nm0571901,tt0027977,Mira McKinney,false,2025-07-27 05:42:58.564153
nm0579155,tt0060196,Sergio Mendizábal,false,2025-07-27 05:46:46.394555
nm0580924,tt0103064,S. Epatha Merkerson,false,2025-07-27 05:46:21.894452
nm0587183,tt0120689,Mack Miles,false,2025-07-27 05:43:08.316674
nm0587256,tt0054215,Vera Miles,true,2025-07-27 05:45:33.853606
nm0590123,tt0054215,Mort Mills,false,2025-07-27 05:45:37.51362
nm0590372,tt0253474,Anthony Milner,false,2025-07-27 05:45:43.684991
nm0592756,tt0056058,Masao Mishima,false,2025-07-27 05:44:59.454055
nm0593775,tt0038650,Thomas Mitchell,true,2025-07-27 05:43:44.163938
nm0594348,tt0047478,Seiji Miyaguchi,false,2025-07-27 05:43:58.424361
nm0597042,tt1675434,Clotilde Mollet,false,2025-07-27 05:44:06.894419
nm0598926,tt0068646,Lenny Montana,false,2025-07-27 05:47:19.003554
nm0602071,tt0109830,Margo Moorer,false,2025-07-27 05:43:40.874121
nm0608012,tt0103064,Joe Morton,false,2025-07-27 05:46:21.533923
nm0608311,tt0071562,Gastone Moschin,false,2025-07-27 05:47:23.033331
nm0611148,tt0253474,Wanja Mues,false,2025-07-27 05:45:42.604707
nm0611889,tt2582802,Chris Mulkey,false,2025-07-27 05:45:08.384164
nm0612468,tt0060196,Al Mulock,false,2025-07-27 05:46:46.024679
nm0614165,tt0468569,Cillian Murphy,false,2025-07-27 05:47:35.813529
nm0614165,tt1375666,Cillian Murphy,false,2025-07-27 05:42:10.752729
nm0618690,tt0317248,Matheus Nachtergaele,false,2025-07-27 05:46:32.764453
nm0619822,tt0245429,Takashi Naitô,true,2025-07-27 05:46:01.723536
nm0619938,tt0056058,Tatsuya Nakadai,true,2025-07-27 05:44:14.655087
nm0620235,tt0095327,Tadashi Nakamura,false,2025-07-27 05:45:53.314205
nm0620919,tt0095765,Agnese Nano,false,2025-07-27 05:44:23.444212
nm0621008,tt0102926,Charles Napier,false,2025-07-27 05:43:52.194518
nm0622412,tt0245429,Mari Natsuki,true,2025-07-27 05:46:01.344867
nm0623762,tt0482571,Christopher Neame,false,2025-07-27 05:44:55.824922
nm0624582,tt0108052,Harry Nehring,false,2025-07-27 05:47:03.464338
nm0625180,tt0050083,Billy Nelson,false,2025-07-27 05:47:31.813794
nm0630124,tt0133093,Ada Nicodemou,false,2025-07-27 05:42:54.214199
nm0633058,tt0108052,Adi Nitzan,false,2025-07-27 05:47:04.194187
nm0634159,tt0095765,Philippe Noiret,false,2025-07-27 05:44:12.434038
nm0637064,tt0060196,Angelo Novi,false,2025-07-27 05:46:44.945606
nm0641244,tt0407887,David O'Hara,false,2025-07-27 05:45:16.864219
nm0643000,tt0054215,Simon Oakland,false,2025-07-27 05:45:35.333705
nm0644314,tt1675434,Grégoire Oestermann,false,2025-07-27 05:44:08.724816
nm0646663,tt0317248,Edson Oliveira,false,2025-07-27 05:46:35.724272
nm0647013,tt0027977,Ted Oliver,false,2025-07-27 05:43:01.12411
nm0648777,tt0245429,Takehiko Ono,false,2025-07-27 05:46:04.634717
nm0654648,tt0816692,David Oyelowo,false,2025-07-27 05:42:32.664398
nm0656226,tt0034583,Joy Page,false,2025-07-27 05:44:30.72471
nm0662562,tt0133093,Anthony Ray Parker,false,2025-07-27 05:42:52.384997
nm0666634,tt0038650,Virginia Patton,false,2025-07-27 05:43:48.153956
nm0669254,tt0114369,Daniel Zacapa,true,2025-07-27 05:43:25.894389
nm0672225,tt0109830,Bob Penny,false,2025-07-27 05:43:39.7845
nm0674052,tt0482571,Ron Perkins,false,2025-07-27 05:44:57.643882
nm0674742,tt0095765,Jacques Perrin,false,2025-07-27 05:44:25.973939
nm0677654,tt0060196,Enzo Petito,false,2025-07-27 05:46:42.394656
nm0680983,tt1375666,Elliot Page,true,2025-07-27 05:42:09.312926
nm0682063,tt0482571,Jim Piddock,false,2025-07-27 05:44:55.464045
nm0685559,tt0060196,Luigi Pistilli,false,2025-07-27 05:46:41.664393
nm0687189,tt0245429,Suzanne Pleshette,false,2025-07-27 05:46:00.224461
nm0692139,tt0120815,Ian Porter,false,2025-07-27 05:42:23.904776
nm0694101,tt0078748,Eddie Powell,false,2025-07-27 05:44:05.064461
nm0698998,tt0111161,David Proval,false,2025-07-27 05:43:13.154244
nm0701023,tt0076759,Jack Purvis,false,2025-07-27 05:46:16.343726
nm0701023,tt0080684,Jack Purvis,false,2025-07-27 05:42:40.704994
nm0702798,tt0034583,John Qualen,false,2025-07-27 05:44:31.084192
nm0706554,tt0111161,Joseph Ragno,false,2025-07-27 05:43:13.514449
nm0709615,tt0109830,John Randall,false,2025-07-27 05:43:40.144137
nm0711502,tt0060196,Rada Rassimov,false,2025-07-27 05:46:42.034651
nm0713469,tt0253474,Julia Rayner,false,2025-07-27 05:45:42.234667
nm0715953,tt0482571,Roger Rees,false,2025-07-27 05:44:56.553893
nm0716408,tt0110413,Elizabeth Regen,false,2025-07-27 05:44:43.44356
nm0720890,tt0080684,Clive Revill,false,2025-07-27 05:42:41.434329
nm0721637,tt0027977,Cecil Reynolds,false,2025-07-27 05:42:58.204414
nm0725956,tt0253474,Richard Ridings,false,2025-07-27 05:45:42.965554
nm0743159,tt0071562,Tom Rosqui,false,2025-07-27 05:47:23.403513
nm0745780,tt0114369,Richard Roundtree,false,2025-07-27 05:43:30.635286
nm0750916,tt0120586,William Russ,false,2025-07-27 05:44:48.913808
nm0751625,tt0068646,Gianni Russo,false,2025-07-27 05:47:17.183248
nm0752699,tt0482571,Mark Ryan,false,2025-07-27 05:44:56.19511
nm0754676,tt0110357,Ernie Sabella,false,2025-07-27 05:45:31.284544
nm0755974,tt0108052,Jonathan Sagall,false,2025-07-27 05:47:00.21398
nm0757064,tt0034583,S.Z. Sakall,false,2025-07-27 05:44:29.645494
nm0759757,tt0060196,Aldo Sambrell,false,2025-07-27 05:46:45.665017
nm0761866,tt0027977,Tiny Sandford,true,2025-07-27 05:42:56.034041
nm0766225,tt0056058,Kei Satô,false,2025-07-27 05:45:00.184199
nm0767847,tt0050083,John Savoca,false,2025-07-27 05:47:32.184094
nm0768005,tt0245429,Yasuko Sawaguchi,false,2025-07-27 05:46:02.083511
nm0769116,tt0060196,Claudio Scarchilli,false,2025-07-27 05:46:42.764558
nm0769118,tt0060196,Sandro Scarchilli,false,2025-07-27 05:46:44.214528
nm0773946,tt0108052,Michael Schneider,false,2025-07-27 05:47:04.555164
nm0774516,tt0172495,David Schofield,false,2025-07-27 05:45:21.953569
nm0775623,tt0103064,Pete Schrum,false,2025-07-27 05:46:24.785057
nm0778734,tt0099685,Catherine Scorsese,false,2025-07-27 05:43:35.404485
nm0778737,tt0099685,Charles Scorsese,false,2025-07-27 05:43:35.763854
nm0779685,tt0110413,Randolph Scott,false,2025-07-27 05:44:42.353575
nm0780410,tt0109830,Christine Seabrook,false,2025-07-27 05:43:41.613915
nm0784262,tt0110413,Frank Senger,false,2025-07-27 05:44:44.18408
nm0785227,tt0120737,Andy Serkis,false,2025-07-27 05:46:49.653722
nm0785227,tt0482571,Andy Serkis,false,2025-07-27 05:44:54.743577
nm0786614,tt0108052,Andrzej Seweryn,false,2025-07-27 05:47:02.375005
nm0789338,tt0253474,Nomi Sharron,false,2025-07-27 05:45:43.324228
nm0790410,tt0080684,Michael Sheard,false,2025-07-27 05:42:42.544401
nm0790436,tt0114814,Jack Shearer,false,2025-07-27 05:44:19.404522
nm0791877,tt0099685,Suzanne Shepherd,false,2025-07-27 05:43:36.123889
nm0793616,tt0047478,Yukiko Shimazaki,true,2025-07-27 05:43:56.584229
nm0793766,tt0047478,Takashi Shimura,true,2025-07-27 05:43:55.854253
nm0794002,tt0095327,Yoshiko Shinohara,true,2025-07-27 05:45:48.51416
nm0794186,tt0095327,Ayano Shiraishi,true,2025-07-27 05:45:47.793943
nm0794967,tt0110912,Gary Shorelle,false,2025-07-27 05:46:58.764193
nm0795344,tt0172495,John Shrapnel,false,2025-07-27 05:45:22.323777
nm0797150,tt0088763,Casey Siemaszko,false,2025-07-27 05:46:10.503729
nm0799777,tt2582802,J.K. Simmons,true,2025-07-27 05:45:06.473882
nm0800339,tt0114814,Phillipe Simon,false,2025-07-27 05:44:19.043983
nm0801672,tt0110357,Madge Sinclair,false,2025-07-27 05:45:31.664652
nm0802019,tt0137523,Rachel Singer,false,2025-07-27 05:42:46.535612
nm0803370,tt0071562,Frank Sivero,false,2025-07-27 05:47:24.143295
nm0803370,tt0099685,Frank Sivero,false,2025-07-27 05:43:32.463615
nm0803944,tt0253474,Lucy Skeaping,false,2025-07-27 05:45:44.054035
nm0807548,tt0102926,Brooke Smith,false,2025-07-27 05:43:51.104354
nm0808633,tt0120586,Jason Bose Smith,false,2025-07-27 05:44:50.004031
nm0812550,tt0120586,Alex Sol,false,2025-07-27 05:44:50.73391
nm0814280,tt6751668,Song Kang-ho,true,2025-07-27 05:45:46.334241
nm0818274,tt0088763,Wendie Jo Sperber,false,2025-07-27 05:46:08.664173
nm0819320,tt2582802,Suanne Spoke,false,2025-07-27 05:45:09.104414
nm0819525,tt0071562,G.D. Spradlin,false,2025-07-27 05:47:22.313313
nm0821152,tt0120815,Joerg Stadler,false,2025-07-27 05:42:22.094954
nm0823563,tt0099685,Mike Starr,false,2025-07-27 05:43:33.194878
nm0824882,tt0110912,Burr Steers,false,2025-07-27 05:46:55.835189
nm0824934,tt0060196,Benito Stefanelli,false,2025-07-27 05:46:44.573669
nm0825624,tt0027977,Sammy Stein,false,2025-07-27 05:43:00.394374
nm0827307,tt0137523,Bob Stephenson,false,2025-07-27 05:42:48.394806
nm0829685,tt0482571,Monty Stuart,false,2025-07-27 05:44:57.283632
nm0830818,tt0050083,Walter Stocker,false,2025-07-27 05:47:32.553543
nm0832380,tt0253474,Ed Stoppard,true,2025-07-27 05:45:41.145835
nm0833448,tt0071562,Lee Strasberg,false,2025-07-27 05:47:21.583315
nm0837420,tt0245429,Bunta Sugawara,false,2025-07-27 05:46:05.013702
nm0839486,tt0120586,Ethan Suplee,false,2025-07-27 05:44:47.103624
nm0840339,tt0027977,Juana Sutton,false,2025-07-27 05:43:00.75393
nm0842137,tt0050083,Joseph Sweeney,false,2025-07-27 05:47:29.26369
nm0843775,tt0468569,Keith Szarabajka,false,2025-07-27 05:47:37.993471
nm0848533,tt0056058,Tetsurô Tanba,true,2025-07-27 05:44:59.083892
nm0848991,tt0095327,Hiroshi Tanaka,false,2025-07-27 05:45:52.194836
nm0850847,tt0120689,Rai Tasco,false,2025-07-27 05:43:08.694313
nm0851071,tt0047478,Jun Tatara,false,2025-07-27 05:44:01.355096
nm0851302,tt0095327,Tsutomu Tatsumi,true,2025-07-27 05:45:45.964042
nm0853079,tt0133093,Robert Taylor,false,2025-07-27 05:42:53.113852
nm0853299,tt0054215,Vaughn Taylor,false,2025-07-27 05:45:36.433664
nm0854295,tt0109830,Ione M. Telech,false,2025-07-27 05:43:41.243864
nm0856196,tt0095765,Nino Terzo,false,2025-07-27 05:44:25.615183
nm0861752,tt0172495,Sven-Ole Thorsen,false,2025-07-27 05:45:24.524523
nm0866055,tt0088763,James Tolkan,false,2025-07-27 05:46:09.765315
nm0866736,tt0056058,Nakajirô Tomita,false,2025-07-27 05:45:03.843961
nm0867391,tt0047478,Eijirô Tôno,false,2025-07-27 05:44:00.634479
nm0868956,tt0120586,Guy Torry,false,2025-07-27 05:44:49.273623
nm0871287,tt0038650,Henry Travers,false,2025-07-27 05:43:44.52394
nm0871695,tt0038650,Mary Treen,false,2025-07-27 05:43:47.793922
nm0872689,tt0071562,Leopoldo Trieste,false,2025-07-27 05:47:25.583365
nm0872689,tt0095765,Leopoldo Trieste,false,2025-07-27 05:44:23.804334
nm0875237,tt0047478,Yoshio Tsuchiya,false,2025-07-27 05:43:59.894322
nm0875477,tt0047478,Keiko Tsushima,true,2025-07-27 05:43:56.214536
nm0878354,tt0054215,Lurene Tuttle,false,2025-07-27 05:45:36.794099
nm0879918,tt0047478,Kichijirô Ueda,false,2025-07-27 05:44:00.994537
nm0891381,tt0102926,Ron Vawter,false,2025-07-27 05:43:53.284423
nm0891998,tt0034583,Conrad Veidt,false,2025-07-27 05:44:28.54535
nm0898634,tt0099685,Frank Vincent,false,2025-07-27 05:43:33.56362
nm0903110,tt0108052,Friedrich von Thun,false,2025-07-27 05:47:02.735649
nm0903667,tt0050083,George Voskovec,false,2025-07-27 05:47:30.003546
nm0904967,tt9362722,Luna Lauren Velez,true,2025-07-27 05:44:34.364176
nm0906301,tt0407887,Robert Wahlberg,false,2025-07-27 05:45:17.584382
nm0908919,tt0060196,Eli Wallach,true,2025-07-27 05:46:40.577124
nm0910145,tt0102926,Tracey Walter,false,2025-07-27 05:43:52.554683
nm0912001,tt0050083,Jack Warden,false,2025-07-27 05:47:28.903552
nm0912478,tt0038650,H.B. Warner,false,2025-07-27 05:43:46.335853
nm0913822,tt1375666,Ken Watanabe,false,2025-07-27 05:42:09.672588
nm0914023,tt0088763,Harry Waters Jr.,false,2025-07-27 05:46:11.225044
nm0915989,tt0133093,Hugo Weaving,true,2025-07-27 05:42:49.853563
nm0916088,tt0080684,Des Webb,false,2025-07-27 05:42:41.074383
nm0916434,tt0050083,Robert Webber,false,2025-07-27 05:47:30.363588
nm0919256,tt0108052,Norbert Weisser,false,2025-07-27 05:47:03.833985
nm0919798,tt0110357,Frank Welker,false,2025-07-27 05:45:32.413959
nm0920148,tt0088763,Claudia Wells,false,2025-07-27 05:46:07.923505
nm0924154,tt9362722,Shea Whigham,false,2025-07-27 05:44:36.895159
nm0926235,tt0111161,James Whitmore,false,2025-07-27 05:43:11.334601
nm0928630,tt0103064,Shane Wilder,false,2025-07-27 05:46:25.144021
nm0930239,tt0038650,Charles Williams,false,2025-07-27 05:43:48.524402
nm0931508,tt0109830,Rebecca Williams,true,2025-07-27 05:43:38.30425
nm0933330,tt0034583,Dooley Wilson,false,2025-07-27 05:44:30.364617
nm0935247,tt0099685,Margo Winkler,false,2025-07-27 05:43:36.845153
nm0935297,tt0103064,Robert Winley,false,2025-07-27 05:46:24.424573
nm0935653,tt0407887,Ray Winstone,false,2025-07-27 05:45:14.675216
nm0936894,tt0133093,Rowan Witt,false,2025-07-27 05:42:54.943611
nm0941621,tt0109830,John Worsham,false,2025-07-27 05:43:41.973911
nm0945312,tt0095327,Akemi Yamaguchi,true,2025-07-27 05:45:48.15406
nm0950267,tt0099685,Henny Youngman,false,2025-07-27 05:43:34.674665
nm0954076,tt0253474,Michal Zebrowski,true,2025-07-27 05:45:40.784423
nm0954754,tt0109830,Alexander Zemeckis,false,2025-07-27 05:43:43.064687
nm0962577,tt0253474,Jessica Kate Meyer,false,2025-07-27 05:45:41.864719
nm0991810,tt9362722,Mahershala Ali,false,2025-07-27 05:44:37.624792
nm0997115,tt0245429,Miyu Irino,true,2025-07-27 05:46:00.594448
nm1010931,tt0468569,Monique Gabriela Curnen,false,2025-07-27 05:47:35.083341
nm1019674,tt0120737,Sala Baker,true,2025-07-27 05:46:48.923781
nm1019674,tt0167261,Sala Baker,true,2025-07-27 05:43:17.504247
nm10215504,tt6751668,Jung Ik-han,false,2025-07-27 05:45:58.404701
nm1045739,tt2582802,Max Kasch,false,2025-07-27 05:45:09.465589
nm1049589,tt1675434,Dorothée Brière,false,2025-07-27 05:44:10.564675
nm10700274,tt6751668,Jung Hyun-jun,false,2025-07-27 05:45:56.954043
nm10735745,tt0095327,Masayo Sakai,false,2025-07-27 05:45:49.244474
nm1082477,tt1675434,Omar Sy,true,2025-07-27 05:44:05.424789
nm1082958,tt0056058,Kôichi Hayashi,false,2025-07-27 05:45:02.763986
nm10860732,tt6751668,Jung Yi-seo,false,2025-07-27 05:45:57.684208
nm1096480,tt0120737,Michael Elsworth,false,2025-07-27 05:46:51.1049
nm1104283,tt0120737,Megan Edwards,false,2025-07-27 05:46:50.743916
nm11044243,tt6751668,Kim Kyu-baek,false,2025-07-27 05:45:58.764603
nm1109153,tt1675434,Audrey Fleurot,true,2025-07-27 05:44:06.15882
nm1112144,tt0245429,Yumi Tamai,false,2025-07-27 05:46:03.183518
nm1117946,tt2582802,Rogelio Douglas Jr.,false,2025-07-27 05:45:12.386609
nm11261148,tt6751668,Jo Jae-myeong,false,2025-07-27 05:45:58.044479
nm1126340,tt0245429,Ryûnosuke Kamiki,false,2025-07-27 05:46:02.824743
nm1126978,tt0245429,Yô Ôizumi,false,2025-07-27 05:46:03.544482
nm1129884,tt0317248,Leandro Firmino,true,2025-07-27 05:46:32.404534
nm1130610,tt0317248,Darlan Cunha,false,2025-07-27 05:46:37.914435
nm11432327,tt6751668,Hwang In-kyung,false,2025-07-27 05:45:59.123591
nm11432328,tt6751668,Kim Jin-hyung,false,2025-07-27 05:45:59.86437
nm1178560,tt0317248,Jonathan Haagensen,false,2025-07-27 05:46:33.844688
nm1179105,tt0317248,Alexandre Rodrigues,true,2025-07-27 05:46:19.724069
nm1179580,tt0317248,Seu Jorge,false,2025-07-27 05:46:34.204509
nm1179683,tt0317248,Douglas Silva,true,2025-07-27 05:46:33.484417
nm1209966,tt9362722,Oscar Isaac,false,2025-07-27 05:44:35.084172
nm1226419,tt0047478,Atsushi Watanabe,false,2025-07-27 05:44:01.728297
nm12329614,tt0095327,Kôzô Hashida,false,2025-07-27 05:45:48.874847
nm12329615,tt0095327,Kazumi Nozaki,false,2025-07-27 05:45:49.614228
nm12329616,tt0095327,Masahiro Kanetake,false,2025-07-27 05:45:50.357962
nm12329617,tt0095327,Hajime Maki,false,2025-07-27 05:45:51.094303
nm12329618,tt0095327,Teruhisa Harita,false,2025-07-27 05:45:51.824253
nm12329619,tt0095327,Mika Sekita,false,2025-07-27 05:45:53.684535
nm1248280,tt0317248,Emerson Gomes,false,2025-07-27 05:46:35.364499
nm1248992,tt0317248,Robson Rocha,false,2025-07-27 05:46:38.274994
nm1249471,tt0317248,Michel Gomes,false,2025-07-27 05:46:36.084839
nm1249574,tt0317248,Phellipe Haagensen,true,2025-07-27 05:46:33.12422
nm1250355,tt0027977,Edward LeSaint,false,2025-07-27 05:42:59.663854
nm1275186,tt0167261,Sam Comery,false,2025-07-27 05:43:18.964507
nm1275727,tt0167261,Calum Gittins,false,2025-07-27 05:43:19.704661
nm1276956,tt2582802,Kavita Patil,false,2025-07-27 05:45:10.914165
nm1277591,tt0167261,Paris Howe Strewe,false,2025-07-27 05:43:20.804661
nm1279616,tt0253474,Ben Harlan,false,2025-07-27 05:45:44.7844
nm1281253,tt0253474,Roddy Skeaping,false,2025-07-27 05:45:44.413935
nm1310525,tt6751668,Lee Sun-kyun,true,2025-07-27 05:45:54.055497
nm1312191,tt0245429,Shirô Saitô,false,2025-07-27 05:46:05.744488
nm1323565,tt0317248,Kiko Marques,false,2025-07-27 05:46:37.184145
nm1368917,tt0317248,Roberta Rodrigues,false,2025-07-27 05:46:36.454246
nm1372205,tt0056058,Tôru Takeuchi,false,2025-07-27 05:45:01.284516
nm1402033,tt0317248,Gustavo Engrácia,false,2025-07-27 05:46:37.548442
nm1403603,tt0317248,Jefechander Suplino,false,2025-07-27 05:46:34.624333
nm1404223,tt0317248,Luis Otávio,false,2025-07-27 05:46:36.824319
nm1408543,tt0816692,David Gyasi,false,2025-07-27 05:42:35.564105
nm1480092,tt0167260,Sadwyn Brophy,false,2025-07-27 05:47:09.32364
nm1480102,tt0167260,Richard Edge,false,2025-07-27 05:47:10.42326
nm1480106,tt0167260,Jason Fitch,false,2025-07-27 05:47:10.783612
nm1508029,tt0102926,Jeffrie Lane,false,2025-07-27 05:43:54.004213
nm1525639,tt1675434,Joséphine de Meaux,false,2025-07-27 05:44:06.53564
nm1567113,tt0816692,Jessica Chastain,false,2025-07-27 05:42:30.854672
nm1577637,tt0816692,Josh Stewart,false,2025-07-27 05:42:35.935222
nm1676221,tt9362722,Andy Samberg,false,2025-07-27 05:44:38.704573
nm1707797,tt0110413,Lucius Wyatt Cherokee,false,2025-07-27 05:44:44.554394
nm1829293,tt0245429,Michiko Yamamoto,false,2025-07-27 05:46:06.103925
nm1856097,tt6751668,Cho Yeo-jeong,true,2025-07-27 05:45:54.414359
nm1886602,tt2582802,Miles Teller,true,2025-07-27 05:45:06.095196
nm1977856,tt0468569,Chin Han,false,2025-07-27 05:47:36.173491
nm2031248,tt1675434,Alba Gaïa Bellugi,false,2025-07-27 05:44:07.25445
nm2146004,tt0054215,Prudence Beers,false,2025-07-27 05:45:38.594557
nm2159926,tt9362722,Jake Johnson,false,2025-07-27 05:44:34.724296
nm2172460,tt2582802,Jayson Blair,false,2025-07-27 05:45:10.184179
nm2173724,tt1675434,Émilie Caen,false,2025-07-27 05:44:11.303934
nm2180792,tt0816692,Collette Wolfe,false,2025-07-27 05:42:33.02418
nm2195817,tt0482571,Samantha Mahurin,false,2025-07-27 05:44:54.02393
nm2257207,tt9362722,Daniel Kaluuya,false,2025-07-27 05:44:36.174236
nm2336966,tt9362722,Greta Lee,false,2025-07-27 05:44:37.264827
nm2401565,tt0407887,Thomas B. Duffy,false,2025-07-27 05:45:18.304447
nm2438307,tt1375666,Dileep Rao,false,2025-07-27 05:42:10.392638
nm2492243,tt2582802,Kofi Siriboe,false,2025-07-27 05:45:10.544283
nm2552034,tt2582802,Melissa Benoist,true,2025-07-27 05:45:06.864587
nm2581730,tt1375666,Tai-Li Lee,false,2025-07-27 05:42:12.943663
nm2794962,tt9362722,Hailee Steinfeld,true,2025-07-27 05:44:33.64451
nm2855622,tt1375666,Taylor Geare,false,2025-07-27 05:42:14.024027
nm3109964,tt9362722,Brian Tyree Henry,true,2025-07-27 05:44:34.004977
nm3154303,tt0816692,Timothée Chalamet,false,2025-07-27 05:42:32.304355
nm3237775,tt0816692,Mackenzie Foy,true,2025-07-27 05:42:31.214074
nm3271473,tt2582802,Austin Stowell,false,2025-07-27 05:45:07.634002
nm3629365,tt0034583,Arnet Amos,false,2025-07-27 05:44:33.284293
nm3637500,tt1375666,Claire Geare,false,2025-07-27 05:42:13.303739
nm3638213,tt1375666,Johnathan Geare,false,2025-07-27 05:42:14.394712
nm3745391,tt6751668,Park Myeong-hoon,false,2025-07-27 05:45:56.234505
nm3960408,tt1375666,Magnus Nolan,false,2025-07-27 05:42:13.663624
nm3964350,tt9362722,Amandla Stenberg,false,2025-07-27 05:44:37.984154
nm3994610,tt1675434,Cyril Mendy,false,2025-07-27 05:44:07.63754
nm4175221,tt9362722,Karan Soni,false,2025-07-27 05:44:36.534213
nm4271336,tt9362722,Shameik Moore,true,2025-07-27 05:44:13.174281
nm4336119,tt2582802,Nate Lang,false,2025-07-27 05:45:08.003936
nm4392192,tt2582802,C.J. Vana,false,2025-07-27 05:45:11.287316
nm4410046,tt0095327,Yoshio Matsuoka,false,2025-07-27 05:45:49.994125
nm4425051,tt9362722,Jack Quaid,false,2025-07-27 05:44:39.066671
nm4522499,tt6751668,Park Keun-rok,false,2025-07-27 05:45:57.324159
nm4525883,tt6751668,Jang Hye-jin,false,2025-07-27 05:45:55.864175
nm4552893,tt1675434,Thomas Solivérès,false,2025-07-27 05:44:10.195093
nm4793987,tt9362722,Issa Rae,false,2025-07-27 05:44:35.814387
nm4903282,tt2582802,Tyler Kimball,false,2025-07-27 05:45:12.014528
nm5511483,tt1675434,Absa Diatou Toure,false,2025-07-27 05:44:08.363767
nm5511912,tt1675434,Salimata Kamate,false,2025-07-27 05:44:08.004436
nm5580208,tt0095327,Shirô Tamaki,false,2025-07-27 05:45:52.924289
nm5744538,tt6751668,Lee Jeong-eun,false,2025-07-27 05:45:55.504363
nm5826958,tt2582802,Charlie Ian,false,2025-07-27 05:45:09.824881
nm6079248,tt6751668,Choi Woo-sik,true,2025-07-27 05:45:54.774146
nm6087055,tt0095327,Atsuo Omote,false,2025-07-27 05:45:51.464178
nm6476224,tt6751668,Park So-dam,false,2025-07-27 05:45:55.135235
nm6783755,tt0120586,Michelle Christine White,false,2025-07-27 05:44:51.833646
nm6946829,tt0245429,Shigeru Wakita,false,2025-07-27 05:46:05.374058
nm6979973,tt0095327,Kiyoshi Yanagawa,false,2025-07-27 05:45:50.735323
nm7135999,tt0095327,Michio Denpô,false,2025-07-27 05:45:52.564594
nm7616095,tt6751668,Jung Ji-so,false,2025-07-27 05:45:56.594181
nm7851611,tt9362722,Jharrel Jerome,false,2025-07-27 05:44:38.3436
nm9086195,tt6751668,Ahn Seong-bong,false,2025-07-27 05:45:59.49475